price,excise,inflation
1.62569,0.72840,0.0390
1.28560,0.56400,0.0187
1.22065,0.56321,0.0199
1.44403,0.72840,0.0049
1.43109,0.25807,-0.0019
1.23375,0.56400,0.0102
1.38092,0.56232,0.0224
1.53484,0.72840,0.0009
1.71266,0.73041,0.0000
1.57425,0.72840,0.0049
1.12541,0.55847,0.0203
1.55631,0.59754,0.0329
1.36435,0.56400,0.0188
1.29916,0.56400,0.0261
1.08271,0.52163,0.0270